<?xml version="1.0" ?>

<container xmlns="http://symfony.com/schema/dic/services"
           xmlns:xsi="http://www.w3.org/2001/XMLSchema-instance"
           xsi:schemaLocation="http://symfony.com/schema/dic/services http://symfony.com/schema/dic/services/services-1.0.xsd">
    <services>
        <service id="Swag\Example\Event\Subscriber\AddDataToFooter" >
            <tag name="kernel.event_subscriber" />
        </service>

        <service id="Swag\Example\Event\Subscriber\AddDataToPage" >
            <tag name="kernel.event_subscriber" />
        </service>
    </services>
</container>
